<?xml version="1.0" encoding="UTF-8"?>
<web-app version="3.1" xmlns="http://xmlns.jcp.org/xml/ns/javaee"
 xmlns:xsi="http://www.w3.org/2001/XMLSchema-instance" xsi:schemaLocation="http://xmlns.jcp.org/xml/ns/javaee http://xmlns.jcp.org/xml/ns/javaee/web-app_3_1.xsd">
 <display-name>projet</display-name>
 <context-param>
  <param-name>javax.faces.PROJECT_STAGE</param-name>
  <param-value>Development</param-value>
 </context-param>
 <context-param>
  <description>State saving method: 'client' or 'server' (=default). See JSF Specification 2.5.2</description>
  <param-name>javax.faces.STATE_SAVING_METHOD</param-name>
  <param-value>client</param-value>
 </context-param>
 <context-param>
  <param-name>javax.faces.WEBAPP_RESOURCES_DIRECTORY</param-name>
  <param-value>/WEB-INF/resources</param-value>
 </context-param>
 <context-param>
  <param-name>site.name</param-name>
  <param-value>projet</param-value>
 </context-param>
 <servlet>
  <servlet-name>Faces Servlet</servlet-name>
  <servlet-class>javax.faces.webapp.FacesServlet</servlet-class>
  <load-on-startup>1</load-on-startup>
 </servlet>
 <servlet-mapping>
  <servlet-name>Faces Servlet</servlet-name>
  <url-pattern>*.xhtml</url-pattern>
 </servlet-mapping>
 <welcome-file-list>
  <welcome-file>connexion.xhtml</welcome-file>
 </welcome-file-list>
 <error-page>
  <error-code>404</error-code>
  <location>/erreur.xhtml</location>
 </error-page>
 <error-page>
  <exception-type>java.lang.Exception</exception-type>
  <location>/erreur.xhtml</location>
 </error-page>
</web-app>
